{
  "format_version": "1.21.80",
  "minecraft:lighting_settings": {
    "description": {
      "identifier": "lerian:green_lighting"
    },
    "directional_lights": { // Main directional lights
      "orbital": {
        "sun": {
          "illuminance": { // sun light intensity
            "0.000000": 90,
            "0.050000": 90,
            "1.000000": 90,
            "0.266000": 0.0,
            "0.313846": 0.0,
            "0.684230": 0.0,
            "0.744230": 15,
            "0.784230": 30,
            "0.950000": 90
          },
          "color": { // sun light colour
            "0.747949": [
              255,
              86,
              41
            ],
            "0.787949": [
              255,
              86,
              41
            ],
            "0.242908": [
              255,
              90,
              50
            ],
            "0.140811": [
              255,
              220,
              205
            ],
            "0.216944": [
              255,
              90,
              50
            ],
            "0.314561": [
              255,
              90,
              50
            ],
            "0.269504": [
              255,
              150,
              50
            ],
            "0.506998": [
              255,
              105,
              0
            ],
            "0.801062": [
              255,
              230,
              160
            ],
            "1.000000": [
              255,
              220,
              205
            ]
          }
        },
        "moon": {
          "illuminance": { // Moon light intensity 
            "0.750000": 0.0,
            "0.000000": 0.0,
            "0.200000": 0.0,
            "1.000000": 0.0,
            "0.225000": 0.5,
            "0.735000": 0.5
          },
          "color": { // Moon light colour
            "0.000000": [
              70,
              110,
              255
            ],
            "1.000000": [
              70,
              110,
              255
            ]
          }
        },
        "orbital_offset_degrees": 0.0 // Sun / Moon rotation offset
      },
      "flash": { // End flash light setting
        "illuminance": 10.0, // End flash light intensity
        "color": [ // End flash light colour
          228,
          93,
          255
        ]
      }
    },
    "emissive": { // Emissive colour desaturation
      "desaturation": 0.0
    },
    "ambient": {
      "color": "#464646", // Ambient light colour
      "illuminance": 0.075 // Ambient light intensity
    },
    "sky": {
      "intensity": 0.4 // sky lighting intensity
    }
  }
}