{
  "format_version": "1.21.40",
  "minecraft:atmosphere_settings": {
    "description": {
      "identifier": "lerian:default_atmospherics"
    },
    "sky_zenith_color": { // Top sky colour (sky above the player)
      "0.000000": [
        60,
        80,
        115
      ],
      "0.644880": [
        15,
        25,
        50
      ],
      "0.199685": [
        75,
        100,
        140
      ],
      "0.269685": [
        15,
        25,
        50
      ],
      "0.740315": [
        60,
        80,
        115
      ],
      "0.780315": [
        60,
        80,
        115
      ],
      "0.800315": [
        60,
        80,
        115
      ],
      "0.352560": [
        15,
        25,
        50
      ]
    },
    "sky_horizon_color": { // Horizon sky colour
      "0.217114": [
        255,
        180,
        130
      ],
      "0.000000": [
        110,
        130,
        165
      ],
      "0.167053": [
        110,
        130,
        165
      ],
      "0.239274": [
        255,
        180,
        130
      ],
      "0.269274": [
        30,
        45,
        90
      ],
      "0.361464": [
        30,
        45,
        90
      ],
      "0.276382": [
        30,
        45,
        90
      ],
      "0.401799": [
        30,
        45,
        90
      ],
      "0.616996": [
        30,
        45,
        90
      ],
      "0.654508": [
        30,
        45,
        90
      ],
      "0.706861": [
        30,
        45,
        90
      ],
      "0.748744": [
        255,
        185,
        100
      ],
      "0.786432": [
        255,
        185,
        100
      ],
      "0.830049": [
        180,
        190,
        215
      ]
    },
    "rayleigh_strength": { // Rayleigh scattering intensity (sky atmosphere)
      "0.000000": 10.0,
      "0.717412": 2.5,
      "0.330402": 2.5,
      "0.138743": 10.0,
      "0.250000": 5.0,
      "0.640704": 5.0,
      "0.740704": 5.0,
      "0.780704": 5.0,
      "0.929310": 10.0,
      "1.000000": 10.0
    },
    "sun_mie_strength": { // Sun Mie scattering intensity (sun glow / haze)
      "0.800000": 0.0,
      "0.750000": 0.75,
      "0.000000": 0.0,
      "0.200000": 0.0,
      "0.250000": 0.75,
      "0.400000": 0.0,
      "0.600000": 0.0,
      "1.000000": 0.0
    },
    "moon_mie_strength": { // Moon Mie scattering intensity 
      "0.000000": 0.0,
      "1.000000": 0.0
    },
    "sun_glare_shape": { // Sun glare size and shape
      "0.800000": 0.0,
      "0.750000": 0.05000000074505806,
      "0.000000": 0.0,
      "0.200000": 0.0,
      "0.250000": 0.07377050071954727,
      "0.400000": 0.0,
      "0.600000": 0.0,
      "1.000000": 0.0
    },
    "horizon_blend_stops": { // Lower blend limit
      "min": {
        "0.000000": 0.0,
        "1.000000": 0.0
      },
      "start": { // Horizon blend start point
        "0.750000": 0.25,
        "0.000000": 0.800000011920929,
        "0.827004": 0.5,
        "0.250000": 0.5,
        "0.300912": 0.25,
        "1.000000": 0.800000011920929
      },
      "mie_start": { // Mie scattering blend start
        "0.800000": 1.0,
        "0.000000": 0.5,
        "0.900000": 0.5,
        "0.100000": 0.5,
        "0.200000": 1.0,
        "1.000000": 0.5
      },
      "max": { // Upper blend limit
        "0.000000": 0.25,
        "1.000000": 0.25
      }
    }
  }
}